{"cameraMode":{"drawMode":0,"name":"Shaded","section":"Shading Mode"},"sceneLighting":false,"audioPlay":false,"sceneViewState":{"showFog":false,"showMaterialUpdate":true,"showSkybox":false,"showFlares":false,"showImageEffects":true,"showParticleSystems":true,"showVisualEffectGraphs":true,"m_FxEnabled":true},"in2DMode":false,"pivot":{"x":-0.20080724358558656,"y":0.19484704732894898,"z":0.3266015350818634},"rotation":{"x":0.07116396725177765,"y":-0.9267814755439758,"z":0.22661267220973969,"w":0.2910507023334503},"size":0.32850122451782229,"orthographic":false}