{"cameraMode":{"drawMode":0,"name":"Shaded","section":"Shading Mode"},"sceneLighting":false,"audioPlay":false,"sceneViewState":{"showFog":false,"showMaterialUpdate":true,"showSkybox":false,"showFlares":false,"showImageEffects":true,"showParticleSystems":true,"showVisualEffectGraphs":true,"m_FxEnabled":true},"in2DMode":false,"pivot":{"x":-0.00532609224319458,"y":0.42000657320022585,"z":0.008955061435699463},"rotation":{"x":-0.02160141058266163,"y":-0.6979904770851135,"z":-0.021085714921355249,"w":0.7155095338821411},"size":2.0620288848876955,"orthographic":false}