{"cameraMode":{"drawMode":0,"name":"Shaded","section":"Shading Mode"},"sceneLighting":false,"audioPlay":false,"sceneViewState":{"showFog":false,"showMaterialUpdate":true,"showSkybox":false,"showFlares":false,"showImageEffects":true,"showParticleSystems":true,"showVisualEffectGraphs":true,"m_FxEnabled":true},"in2DMode":false,"pivot":{"x":-0.08163860440254212,"y":0.26397085189819338,"z":0.001035064458847046},"rotation":{"x":0.013272352516651154,"y":-0.9618725180625916,"z":0.26911813020706179,"w":0.04745101556181908},"size":0.25487643480300906,"orthographic":false}