{"cameraMode":{"drawMode":0,"name":"Shaded","section":"Shading Mode"},"sceneLighting":false,"audioPlay":false,"sceneViewState":{"showFog":false,"showMaterialUpdate":true,"showSkybox":false,"showFlares":false,"showImageEffects":true,"showParticleSystems":true,"showVisualEffectGraphs":true,"m_FxEnabled":true},"in2DMode":false,"pivot":{"x":0.2048371136188507,"y":0.010124735534191132,"z":0.2298114001750946},"rotation":{"x":0.01729433611035347,"y":-0.687298059463501,"z":0.016362514346837999,"w":0.7260224223136902},"size":1.0611047744750977,"orthographic":false}