{"cameraMode":{"drawMode":0,"name":"Shaded","section":"Shading Mode"},"sceneLighting":false,"audioPlay":false,"sceneViewState":{"showFog":false,"showMaterialUpdate":true,"showSkybox":false,"showFlares":false,"showImageEffects":true,"showParticleSystems":true,"showVisualEffectGraphs":true,"m_FxEnabled":true},"in2DMode":false,"pivot":{"x":0.6119654178619385,"y":1.0950353145599366,"z":0.7133457660675049},"rotation":{"x":0.005692386534065008,"y":-0.9924563765525818,"z":0.05065920203924179,"w":0.11151967197656632},"size":1.227919101715088,"orthographic":false}