{"cameraMode":{"drawMode":0,"name":"Shaded","section":"Shading Mode"},"sceneLighting":false,"audioPlay":false,"sceneViewState":{"showFog":false,"showMaterialUpdate":true,"showSkybox":false,"showFlares":false,"showImageEffects":true,"showParticleSystems":true,"showVisualEffectGraphs":true,"m_FxEnabled":true},"in2DMode":false,"pivot":{"x":0.023129388689994813,"y":0.4397203326225281,"z":-0.11800795793533325},"rotation":{"x":0.014805002138018608,"y":-0.9851868748664856,"z":0.12460460513830185,"w":0.11708544939756394},"size":1.3954877853393555,"orthographic":false}