{"cameraMode":{"drawMode":0,"name":"Shaded","section":"Shading Mode"},"sceneLighting":false,"audioPlay":false,"sceneViewState":{"showFog":false,"showMaterialUpdate":true,"showSkybox":false,"showFlares":false,"showImageEffects":true,"showParticleSystems":true,"showVisualEffectGraphs":true,"m_FxEnabled":true},"in2DMode":false,"pivot":{"x":0.0540928840637207,"y":0.21495270729064942,"z":-0.09085015207529068},"rotation":{"x":0.041238244622945788,"y":-0.6863834261894226,"z":0.03903142362833023,"w":0.7250561118125916},"size":0.8587112426757813,"orthographic":false}