{"cameraMode":{"drawMode":0,"name":"Shaded","section":"Shading Mode"},"sceneLighting":false,"audioPlay":false,"sceneViewState":{"showFog":false,"showMaterialUpdate":true,"showSkybox":false,"showFlares":false,"showImageEffects":true,"showParticleSystems":true,"showVisualEffectGraphs":true,"m_FxEnabled":true},"in2DMode":false,"pivot":{"x":-0.050042614340782168,"y":-0.12378525733947754,"z":-0.03584762662649155},"rotation":{"x":0.07116396725177765,"y":-0.9267814755439758,"z":0.22661267220973969,"w":0.2910507023334503},"size":1.0567582845687867,"orthographic":false}