{"cameraMode":{"drawMode":0,"name":"Shaded","section":"Shading Mode"},"sceneLighting":false,"audioPlay":false,"sceneViewState":{"showFog":false,"showMaterialUpdate":true,"showSkybox":false,"showFlares":false,"showImageEffects":true,"showParticleSystems":true,"showVisualEffectGraphs":true,"m_FxEnabled":true},"in2DMode":false,"pivot":{"x":0.004692330956459045,"y":0.017157070338726045,"z":0.4648771584033966},"rotation":{"x":-0.02160141058266163,"y":-0.6979904770851135,"z":-0.021085714921355249,"w":0.7155095338821411},"size":0.6974704265594482,"orthographic":false}