{"cameraMode":{"drawMode":0,"name":"Shaded","section":"Shading Mode"},"sceneLighting":false,"audioPlay":false,"sceneViewState":{"showFog":false,"showMaterialUpdate":true,"showSkybox":false,"showFlares":false,"showImageEffects":true,"showParticleSystems":true,"showVisualEffectGraphs":true,"m_FxEnabled":true},"in2DMode":false,"pivot":{"x":0.05256927013397217,"y":0.6316333413124085,"z":0.5008980631828308},"rotation":{"x":0.010112378746271134,"y":-0.9165365695953369,"z":0.023199550807476045,"w":0.39921724796295168},"size":0.7074164748191834,"orthographic":false}