{"cameraMode":{"drawMode":0,"name":"Shaded","section":"Shading Mode"},"sceneLighting":false,"audioPlay":false,"sceneViewState":{"showFog":false,"showMaterialUpdate":true,"showSkybox":false,"showFlares":false,"showImageEffects":true,"showParticleSystems":true,"showVisualEffectGraphs":true,"m_FxEnabled":true},"in2DMode":false,"pivot":{"x":-0.15956321358680726,"y":0.32604920864105227,"z":-0.15845739841461183},"rotation":{"x":0.040421441197395328,"y":-0.9518575072288513,"z":0.26785656809806826,"w":0.14365634322166444},"size":2.5034098625183107,"orthographic":false}